{
  "requested_samples": 100,
  "samples_with_metrics": 100,
  "averaging_rule": "per_image_metric_mean",
  "timing": {
    "model_load_seconds": 2.4423848,
    "evaluation_loop_seconds": 14.063722299999998,
    "total_run_seconds": 16.572541700000002,
    "requested_samples_per_second": 7.110493073373613,
    "metric_samples_per_second": 7.110493073373613,
    "mean_sample_wall_seconds": 0.14018668899999995,
    "total_model_forward_seconds": 2.7392524000000122,
    "mean_model_forward_seconds": 0.027392524000000123,
    "model_forward_fps": 36.50631099200627,
    "timing_note": "evaluation_loop includes image/label loading, inference, resizing, and metrics; model_forward includes encoder, decoder, disparity-depth conversion, and output resize."
  },
  "total_valid_pixels": 33044491,
  "mean_valid_fraction": 0.35855567491319446,
  "median_scale_ratio": 12.494361824731016,
  "mean_scale_ratio": 13.271135291648356,
  "mean_raw_metrics": {
    "abs_rel": 0.9044017185981146,
    "sq_rel": 3.2501264185176963,
    "rmse": 5.286598973008409,
    "rmse_log": 2.6733562580466765,
    "a1": 0.0,
    "a2": 0.0,
    "a3": 0.0
  },
  "mean_median_scaled_metrics": {
    "abs_rel": 0.5496870288887612,
    "sq_rel": 1.6670699571822498,
    "rmse": 4.133555513993562,
    "rmse_log": 0.7292168019971936,
    "a1": 0.3711516883584965,
    "a2": 0.5679238650688145,
    "a3": 0.681930848249006
  },
  "created_at": "2026-05-20T00:36:43",
  "split": "val",
  "split_samples": 564,
  "max_samples_arg": 100,
  "model": "lite-mono",
  "weights_folder": "D:\\IBPI\\Image Proc-AI Assisted-SP1\\Lite-Mono\\citrus_project\\milestones\\04_lightweight_vegetation_improvement\\levinson\\runs\\structure_aware_label_free_vegetation_depth_b12_250step_pilot\\models\\step_250",
  "device": "cuda",
  "model_info": {
    "encoder_parameters": 2848120,
    "depth_decoder_parameters": 226627,
    "total_parameters": 3074747,
    "total_parameters_millions": 3.074747,
    "encoder_trainable_parameters": 2848120,
    "depth_decoder_trainable_parameters": 226627,
    "total_trainable_parameters": 3074747,
    "total_trainable_parameters_millions": 3.074747,
    "encoder_checkpoint": {
      "bytes": 11496563,
      "megabytes": 10.963976860046387
    },
    "depth_decoder_checkpoint": {
      "bytes": 912583,
      "megabytes": 0.8703069686889648
    },
    "total_checkpoint": {
      "bytes": 12409146,
      "megabytes": 11.834283828735352
    },
    "parameter_note": "Counts include the Lite-Mono encoder and depth decoder used for depth inference; they do not include the training-only pose network."
  },
  "feed_width": 640,
  "feed_height": 192,
  "model_min_depth": 0.1,
  "model_max_depth": 100.0,
  "eval_min_depth": 0.001,
  "eval_max_depth": 80.0,
  "dataset_workspace": "D:\\IBPI\\Image Proc-AI Assisted-SP1\\Lite-Mono\\citrus_project\\dataset_workspace",
  "prepared_dataset": "D:\\IBPI\\Image Proc-AI Assisted-SP1\\Lite-Mono\\citrus_project\\dataset_workspace\\prepared_training_dataset"
}
