{
  "requested_samples": 564,
  "samples_with_metrics": 564,
  "averaging_rule": "per_image_metric_mean",
  "timing": {
    "model_load_seconds": 2.4537726,
    "evaluation_loop_seconds": 62.2983531,
    "total_run_seconds": 64.81293860000001,
    "requested_samples_per_second": 9.053208823910307,
    "metric_samples_per_second": 9.053208823910307,
    "mean_sample_wall_seconds": 0.11004596985815601,
    "total_model_forward_seconds": 15.495759200000064,
    "mean_model_forward_seconds": 0.027474750354610042,
    "model_forward_fps": 36.39705500844371,
    "timing_note": "evaluation_loop includes image/label loading, inference, resizing, and metrics; model_forward includes encoder, decoder, disparity-depth conversion, and output resize."
  },
  "total_valid_pixels": 193500201,
  "mean_valid_fraction": 0.37227155248042254,
  "median_scale_ratio": 3.184302713763251,
  "mean_scale_ratio": 3.0574644887589035,
  "mean_raw_metrics": {
    "abs_rel": 0.731417760951221,
    "sq_rel": 2.4220018646679256,
    "rmse": 3.6377722061820736,
    "rmse_log": 1.218612560730596,
    "a1": 0.016761890209818036,
    "a2": 0.03571968448235456,
    "a3": 0.062360094252173835
  },
  "mean_median_scaled_metrics": {
    "abs_rel": 0.4437206046818063,
    "sq_rel": 5.925477821704496,
    "rmse": 4.610542249181933,
    "rmse_log": 0.44182499495913996,
    "a1": 0.6008105165918993,
    "a2": 0.8086660622214173,
    "a3": 0.891252988775392
  },
  "created_at": "2026-05-20T17:57:05",
  "split": "val",
  "split_samples": 564,
  "max_samples_arg": 0,
  "model": "lite-mono",
  "weights_folder": "D:\\IBPI\\Image Proc-AI Assisted-SP1\\Lite-Mono\\citrus_project\\milestones\\04_lightweight_vegetation_improvement\\levinson\\runs\\structure_aware_label_free_vegetation_depth_b12_30ep_full\\models\\weights_29",
  "device": "cuda",
  "model_info": {
    "encoder_parameters": 2848120,
    "depth_decoder_parameters": 226627,
    "total_parameters": 3074747,
    "total_parameters_millions": 3.074747,
    "encoder_trainable_parameters": 2848120,
    "depth_decoder_trainable_parameters": 226627,
    "total_trainable_parameters": 3074747,
    "total_trainable_parameters_millions": 3.074747,
    "encoder_checkpoint": {
      "bytes": 11496563,
      "megabytes": 10.963976860046387
    },
    "depth_decoder_checkpoint": {
      "bytes": 912583,
      "megabytes": 0.8703069686889648
    },
    "total_checkpoint": {
      "bytes": 12409146,
      "megabytes": 11.834283828735352
    },
    "parameter_note": "Counts include the Lite-Mono encoder and depth decoder used for depth inference; they do not include the training-only pose network."
  },
  "feed_width": 640,
  "feed_height": 192,
  "model_min_depth": 0.1,
  "model_max_depth": 100.0,
  "eval_min_depth": 0.001,
  "eval_max_depth": 80.0,
  "dataset_workspace": "D:\\IBPI\\Image Proc-AI Assisted-SP1\\Lite-Mono\\citrus_project\\dataset_workspace",
  "prepared_dataset": "D:\\IBPI\\Image Proc-AI Assisted-SP1\\Lite-Mono\\citrus_project\\dataset_workspace\\prepared_training_dataset"
}
