{
  "da/a1": 0.5439966917037964,
  "da/a2": 0.8545429706573486,
  "da/a3": 0.9183985590934753,
  "de/abs_rel": 0.5702410340309143,
  "de/log_rms": 0.5179972648620605,
  "de/rms": 3.8187308311462402,
  "de/sq_rel": 7.030327320098877,
  "epoch": 29,
  "loss": 0.07551425695419312,
  "loss/0": 0.07910599559545517,
  "loss/1": 0.07358911633491516,
  "loss/2": 0.07384763658046722,
  "photo_loss/0": 0.07371498644351959,
  "photo_loss/1": 0.07357047498226166,
  "photo_loss/2": 0.07382912188768387,
  "smooth_loss/0": 0.01828833483159542,
  "smooth_loss/1": 0.03727849945425987,
  "smooth_loss/2": 0.0740475058555603,
  "smooth_loss_weighted/0": 1.8288335922989063e-05,
  "smooth_loss_weighted/1": 1.863924990175292e-05,
  "smooth_loss_weighted/2": 1.8511876987759024e-05,
  "step": 10624,
  "teacher_gradient/error_mean/0": 0.00725915189832449,
  "teacher_gradient/loss/0": 0.0073058707639575005,
  "teacher_gradient/weight/0": 0.005027013830840588,
  "teacher_gradient/weighted_loss/0": 3.672671300591901e-05,
  "teacher_ranking/agreement/0": 0.9818819165229797,
  "teacher_ranking/loss/0": 0.2938924729824066,
  "teacher_ranking/valid_ratio/0": 0.83544921875,
  "teacher_ranking/weight/0": 0.010054027661681175,
  "teacher_ranking/weight_mean/0": 0.9133970141410828,
  "teacher_ranking/weighted_loss/0": 0.002954802941530943,
  "teacher_structure/diff_mean/0": 0.1580926477909088,
  "teacher_structure/loss/0": 0.1578928828239441,
  "teacher_structure/texture_boost_mean/0": 1.1319403648376465,
  "teacher_structure/total_weighted/0": 0.005372718907892704,
  "teacher_structure/weight/0": 0.015081041492521763,
  "teacher_structure/weighted_loss/0": 0.002381189027801156,
  "texture_ambiguity/mean/0": 0.5277616381645203,
  "texture_ambiguity/photo_margin_mean/0": 0.09194391965866089,
  "texture_ambiguity/ratio/0": 0.4097079932689667,
  "texture_ambiguity/self_similarity_mean/0": 0.7674923539161682,
  "texture_ambiguity/source_gap_mean/0": 0.07518162578344345
}