{
  "da/a1": 0.17399540543556213,
  "da/a2": 0.4131971299648285,
  "da/a3": 0.648844301700592,
  "de/abs_rel": 0.5923641920089722,
  "de/log_rms": 0.7290846109390259,
  "de/rms": 4.017553329467773,
  "de/sq_rel": 1.5657761096954346,
  "epoch": 0,
  "feature_consistency/error_mean/2": 0.14702805876731873,
  "feature_consistency/loss/2": 0.14702805876731873,
  "feature_consistency/mask_ratio/2": 0.97119140625,
  "feature_consistency/weight/2": 0.0020000000949949026,
  "feature_consistency/weighted_loss/2": 0.00029405613895505667,
  "loss": 0.1271262764930725,
  "loss/0": 0.12828078866004944,
  "loss/1": 0.12649238109588623,
  "loss/2": 0.12660565972328186,
  "photo_loss/0": 0.1265026330947876,
  "photo_loss/1": 0.12648867070674896,
  "photo_loss/2": 0.12630607187747955,
  "smooth_loss/0": 0.00021911889780312777,
  "smooth_loss/1": 0.007409197278320789,
  "smooth_loss/2": 0.022090503945946693,
  "smooth_loss_weighted/0": 2.1911890257797495e-07,
  "smooth_loss_weighted/1": 3.704598839249229e-06,
  "smooth_loss_weighted/2": 5.522626452147961e-06,
  "step": 200,
  "temporal_geo/log_depth_error_mean/0": 0.00566160399466753,
  "temporal_geo/loss/0": 0.011852893978357315,
  "temporal_geo/projection_invalid_ratio/0": 0.01769372820854187,
  "temporal_geo/projection_valid_ratio/0": 0.9823062419891357,
  "temporal_geo/visibility_mask_ratio/0": 0.9823062419891357,
  "temporal_geo/weight/0": 0.15000000596046448,
  "temporal_geo/weighted_loss/0": 0.001777934143319726,
  "texture_ambiguity/mean/0": 0.5066832900047302,
  "texture_ambiguity/mean/1": 0.5064734816551208,
  "texture_ambiguity/mean/2": 0.5068348050117493,
  "texture_ambiguity/photo_loss_after/0": 0.1265026330947876,
  "texture_ambiguity/photo_loss_after/1": 0.12648867070674896,
  "texture_ambiguity/photo_loss_after/2": 0.12630607187747955,
  "texture_ambiguity/photo_loss_before/0": 0.13488119840621948,
  "texture_ambiguity/photo_loss_before/1": 0.1348642110824585,
  "texture_ambiguity/photo_loss_before/2": 0.13467104732990265,
  "texture_ambiguity/photo_margin_mean/0": 0.0033864511642605066,
  "texture_ambiguity/photo_margin_mean/1": 0.003132081823423505,
  "texture_ambiguity/photo_margin_mean/2": 0.0037745258305221796,
  "texture_ambiguity/photo_multiplier_mean/0": 0.9113304615020752,
  "texture_ambiguity/photo_multiplier_mean/1": 0.9113671183586121,
  "texture_ambiguity/photo_multiplier_mean/2": 0.9113038778305054,
  "texture_ambiguity/ratio/0": 0.35048624873161316,
  "texture_ambiguity/ratio/1": 0.350067138671875,
  "texture_ambiguity/ratio/2": 0.35037028789520264,
  "texture_ambiguity/self_similarity_mean/0": 0.7560669183731079,
  "texture_ambiguity/self_similarity_mean/1": 0.7560669183731079,
  "texture_ambiguity/self_similarity_mean/2": 0.7560669183731079,
  "texture_ambiguity/source_gap_mean/0": 0.11127707362174988,
  "texture_ambiguity/source_gap_mean/1": 0.111448273062706,
  "texture_ambiguity/source_gap_mean/2": 0.11118454486131668
}