{
  "da/a1": 0.1729351282119751,
  "da/a2": 0.41012975573539734,
  "da/a3": 0.6464065313339233,
  "de/abs_rel": 0.5961335301399231,
  "de/log_rms": 0.7315720319747925,
  "de/rms": 4.021327018737793,
  "de/sq_rel": 1.5757533311843872,
  "epoch": 0,
  "feature_consistency/error_mean/2": 0.06561893969774246,
  "feature_consistency/loss/2": 0.06561893969774246,
  "feature_consistency/mask_ratio/2": 0.9719021320343018,
  "feature_consistency/weight/2": 0.004999999888241291,
  "feature_consistency/weighted_loss/2": 0.0003280946984887123,
  "loss": 0.1358165144920349,
  "loss/0": 0.1369505673646927,
  "loss/1": 0.13516728579998016,
  "loss/2": 0.1353316754102707,
  "photo_loss/0": 0.13516837358474731,
  "photo_loss/1": 0.13516369462013245,
  "photo_loss/2": 0.13499769568443298,
  "smooth_loss/0": 0.00041811377741396427,
  "smooth_loss/1": 0.007173163816332817,
  "smooth_loss/2": 0.02355004847049713,
  "smooth_loss_weighted/0": 4.181137853720429e-07,
  "smooth_loss_weighted/1": 3.5865821246261476e-06,
  "smooth_loss_weighted/2": 5.887512543267803e-06,
  "step": 200,
  "temporal_geo/log_depth_error_mean/0": 0.005728500429540873,
  "temporal_geo/loss/0": 0.011878497898578644,
  "temporal_geo/projection_invalid_ratio/0": 0.01880490779876709,
  "temporal_geo/projection_valid_ratio/0": 0.9811950922012329,
  "temporal_geo/visibility_mask_ratio/0": 0.9811950922012329,
  "temporal_geo/weight/0": 0.15000000596046448,
  "temporal_geo/weighted_loss/0": 0.0017817748012021184
}