{
  "da/a1": 0.1737787276506424,
  "da/a2": 0.41202667355537415,
  "da/a3": 0.6481746435165405,
  "de/abs_rel": 0.5938301682472229,
  "de/log_rms": 0.7300490736961365,
  "de/rms": 4.018994331359863,
  "de/sq_rel": 1.5698460340499878,
  "epoch": 0,
  "loss": 0.13563595712184906,
  "loss/0": 0.13676899671554565,
  "loss/1": 0.13520225882530212,
  "loss/2": 0.1349366009235382,
  "photo_loss/0": 0.13525506854057312,
  "photo_loss/1": 0.13519783318042755,
  "photo_loss/2": 0.13493026793003082,
  "smooth_loss/0": 0.0002212020626757294,
  "smooth_loss/1": 0.008857904002070427,
  "smooth_loss/2": 0.025328125804662704,
  "smooth_loss_weighted/0": 2.212020717706764e-07,
  "smooth_loss_weighted/1": 4.428952252055751e-06,
  "smooth_loss_weighted/2": 6.332031716738129e-06,
  "step": 200,
  "temporal_geo/log_depth_error_mean/0": 0.0010193013586103916,
  "temporal_geo/loss/0": 0.010091344825923443,
  "temporal_geo/projection_invalid_ratio/0": 0.015960007905960083,
  "temporal_geo/projection_valid_ratio/0": 0.9840400218963623,
  "temporal_geo/visibility_mask_ratio/0": 0.9840400218963623,
  "temporal_geo/weight/0": 0.15000000596046448,
  "temporal_geo/weighted_loss/0": 0.0015137017471715808
}