{
  "da/a1": 0.17962361872196198,
  "da/a2": 0.4321224093437195,
  "da/a3": 0.6626903414726257,
  "de/abs_rel": 0.5728684067726135,
  "de/log_rms": 0.7105608582496643,
  "de/rms": 3.981208562850952,
  "de/sq_rel": 1.5046659708023071,
  "epoch": 0,
  "loss": 0.13654503226280212,
  "loss/0": 0.13749007880687714,
  "loss/1": 0.13590839505195618,
  "loss/2": 0.13623662292957306,
  "photo_loss/0": 0.13596537709236145,
  "photo_loss/1": 0.13590410351753235,
  "photo_loss/2": 0.13623061776161194,
  "smooth_loss/0": 0.002340711886063218,
  "smooth_loss/1": 0.008589094504714012,
  "smooth_loss/2": 0.024037480354309082,
  "smooth_loss_weighted/0": 2.340711944270879e-06,
  "smooth_loss_weighted/1": 4.294547579775099e-06,
  "smooth_loss_weighted/2": 6.009370281390147e-06,
  "step": 200,
  "temporal_geo/log_depth_error_mean/0": 0.02096896804869175,
  "temporal_geo/loss/0": 0.010149037465453148,
  "temporal_geo/projection_invalid_ratio/0": 0.023818939924240112,
  "temporal_geo/projection_valid_ratio/0": 0.9761810302734375,
  "temporal_geo/visibility_mask_ratio/0": 0.09543795883655548,
  "temporal_geo/weight/0": 0.15000000596046448,
  "temporal_geo/weighted_loss/0": 0.0015223557129502296
}