{
  "da/a1": 0.17416243255138397,
  "da/a2": 0.4129973351955414,
  "da/a3": 0.6487603783607483,
  "de/abs_rel": 0.5930012464523315,
  "de/log_rms": 0.729758083820343,
  "de/rms": 4.018853187561035,
  "de/sq_rel": 1.5682960748672485,
  "epoch": 0,
  "loss": 0.13519100844860077,
  "loss/0": 0.13637299835681915,
  "loss/1": 0.134550079703331,
  "loss/2": 0.13464991748332977,
  "photo_loss/0": 0.1348579078912735,
  "photo_loss/1": 0.13453921675682068,
  "photo_loss/2": 0.1346426010131836,
  "smooth_loss/0": 0.00031757005490362644,
  "smooth_loss/1": 0.021726034581661224,
  "smooth_loss/2": 0.029237858951091766,
  "smooth_loss_weighted/0": 3.175700840074569e-07,
  "smooth_loss_weighted/1": 1.086301745090168e-05,
  "smooth_loss_weighted/2": 7.309465217986144e-06,
  "step": 200,
  "temporal_geo/log_depth_error_mean/0": 0.001059895846992731,
  "temporal_geo/loss/0": 0.010098490864038467,
  "temporal_geo/projection_invalid_ratio/0": 0.018701136112213135,
  "temporal_geo/projection_valid_ratio/0": 0.9812988638877869,
  "temporal_geo/visibility_mask_ratio/0": 0.9812988638877869,
  "temporal_geo/weight/0": 0.15000000596046448,
  "temporal_geo/weighted_loss/0": 0.0015147736994549632
}