{
  "da/a1": 0.17387627065181732,
  "da/a2": 0.41204899549484253,
  "da/a3": 0.648341715335846,
  "de/abs_rel": 0.5924951434135437,
  "de/log_rms": 0.7302308678627014,
  "de/rms": 4.020364761352539,
  "de/sq_rel": 1.5671942234039307,
  "epoch": 0,
  "loss": 0.1271904706954956,
  "loss/0": 0.12849003076553345,
  "loss/1": 0.12650221586227417,
  "loss/2": 0.1265791356563568,
  "photo_loss/0": 0.12657348811626434,
  "photo_loss/1": 0.12649765610694885,
  "photo_loss/2": 0.12657123804092407,
  "smooth_loss/0": 0.0006879814900457859,
  "smooth_loss/1": 0.009110648185014725,
  "smooth_loss/2": 0.03159672021865845,
  "smooth_loss_weighted/0": 6.879815259708266e-07,
  "smooth_loss_weighted/1": 4.555324267130345e-06,
  "smooth_loss_weighted/2": 7.899180673121009e-06,
  "step": 200,
  "temporal_geo/log_depth_error_mean/0": 0.00687788799405098,
  "temporal_geo/loss/0": 0.01277241948992014,
  "temporal_geo/projection_invalid_ratio/0": 0.0198822021484375,
  "temporal_geo/projection_valid_ratio/0": 0.9801177978515625,
  "temporal_geo/visibility_mask_ratio/0": 0.9801177978515625,
  "temporal_geo/weight/0": 0.15000000596046448,
  "temporal_geo/weighted_loss/0": 0.0019158630166202784,
  "texture_ambiguity/mean/0": 0.5061338543891907,
  "texture_ambiguity/mean/1": 0.5058555006980896,
  "texture_ambiguity/mean/2": 0.506567120552063,
  "texture_ambiguity/photo_loss_after/0": 0.12657348811626434,
  "texture_ambiguity/photo_loss_after/1": 0.12649765610694885,
  "texture_ambiguity/photo_loss_after/2": 0.12657123804092407,
  "texture_ambiguity/photo_loss_before/0": 0.13495877385139465,
  "texture_ambiguity/photo_loss_before/1": 0.13486963510513306,
  "texture_ambiguity/photo_loss_before/2": 0.13494683802127838,
  "texture_ambiguity/photo_margin_mean/0": 0.003472723066806793,
  "texture_ambiguity/photo_margin_mean/1": 0.0034163151867687702,
  "texture_ambiguity/photo_margin_mean/2": 0.0032676204573363066,
  "texture_ambiguity/photo_multiplier_mean/0": 0.9114266633987427,
  "texture_ambiguity/photo_multiplier_mean/1": 0.9114753007888794,
  "texture_ambiguity/photo_multiplier_mean/2": 0.9113507866859436,
  "texture_ambiguity/ratio/0": 0.35094401240348816,
  "texture_ambiguity/ratio/1": 0.3498392701148987,
  "texture_ambiguity/ratio/2": 0.34969890117645264,
  "texture_ambiguity/self_similarity_mean/0": 0.7560669183731079,
  "texture_ambiguity/self_similarity_mean/1": 0.7560669183731079,
  "texture_ambiguity/self_similarity_mean/2": 0.7560669183731079,
  "texture_ambiguity/source_gap_mean/0": 0.11055120825767517,
  "texture_ambiguity/source_gap_mean/1": 0.1107747033238411,
  "texture_ambiguity/source_gap_mean/2": 0.11087221652269363
}