{
  "da/a1": 0.5094969272613525,
  "da/a2": 0.8421737551689148,
  "da/a3": 0.9140180945396423,
  "de/abs_rel": 0.5886591076850891,
  "de/log_rms": 0.523213267326355,
  "de/rms": 4.491571426391602,
  "de/sq_rel": 8.583428382873535,
  "epoch": 29,
  "loss": 0.07613274455070496,
  "loss/0": 0.07832114398479462,
  "loss/1": 0.07500192523002625,
  "loss/2": 0.07507515698671341,
  "photo_loss/0": 0.07515783607959747,
  "photo_loss/1": 0.07498320937156677,
  "photo_loss/2": 0.07505661994218826,
  "smooth_loss/0": 0.01827474683523178,
  "smooth_loss/1": 0.03743191063404083,
  "smooth_loss/2": 0.07414572685956955,
  "smooth_loss_weighted/0": 1.8274748072144575e-05,
  "smooth_loss_weighted/1": 1.8715956684900448e-05,
  "smooth_loss_weighted/2": 1.8536433344706893e-05,
  "step": 10624,
  "teacher_gradient/error_mean/0": 0.007235503289848566,
  "teacher_gradient/loss/0": 0.007248888723552227,
  "teacher_gradient/weight/0": 0.005027013830840588,
  "teacher_gradient/weighted_loss/0": 3.6440262192627415e-05,
  "teacher_ranking/agreement/0": 0.9820767641067505,
  "teacher_ranking/loss/0": 0.2939589023590088,
  "teacher_ranking/valid_ratio/0": 0.83544921875,
  "teacher_ranking/weight/0": 0.002513506915420294,
  "teacher_ranking/weight_mean/0": 0.83544921875,
  "teacher_ranking/weighted_loss/0": 0.0007388677331618965,
  "teacher_structure/diff_mean/0": 0.15713246166706085,
  "teacher_structure/loss/0": 0.15713246166706085,
  "teacher_structure/total_weighted/0": 0.003145029302686453,
  "teacher_structure/weight/0": 0.015081041492521763,
  "teacher_structure/weighted_loss/0": 0.0023697211872786283
}