{
  "da/a1": 0.4932270348072052,
  "da/a2": 0.844106137752533,
  "da/a3": 0.9151339530944824,
  "de/abs_rel": 0.587134838104248,
  "de/log_rms": 0.5279715061187744,
  "de/rms": 3.749758720397949,
  "de/sq_rel": 6.828013896942139,
  "epoch": 29,
  "loss": 0.07662888616323471,
  "loss/0": 0.08060372620820999,
  "loss/1": 0.07443581521511078,
  "loss/2": 0.07484709471464157,
  "photo_loss/0": 0.07441883534193039,
  "photo_loss/1": 0.07441704720258713,
  "photo_loss/2": 0.07482852786779404,
  "sky_far/loss/0": 0.15702594816684723,
  "sky_far/lower_ratio_mean/0": 0.22636350989341736,
  "sky_far/separation_mean/0": 2.1287784576416016,
  "sky_far/sky_ratio_mean/0": 0.17003749310970306,
  "sky_far/valid_image_ratio/0": 1.0,
  "sky_far/weight/0": 0.005027013830840588,
  "sky_far/weighted_loss/0": 0.0007893716101534665,
  "smooth_loss/0": 0.018364090472459793,
  "smooth_loss/1": 0.03754057735204697,
  "smooth_loss/2": 0.07426650077104568,
  "smooth_loss_weighted/0": 1.8364091374678537e-05,
  "smooth_loss_weighted/1": 1.8770289898384362e-05,
  "smooth_loss_weighted/2": 1.856662674981635e-05,
  "step": 10624,
  "structure_boundary/mean/0": 0.0041384827345609665,
  "structure_boundary/ratio/0": 0.0049574109725654125,
  "structure_boundary/teacher_boost_max/0": 1.75,
  "structure_boundary/teacher_boost_mean/0": 1.0031038522720337,
  "structure_lower_reference/mean/0": 0.22636348009109497,
  "structure_rgb_edge/mean/0": 0.09185069799423218,
  "structure_rgb_edge/ratio/0": 0.06649983674287796,
  "structure_sky/mean/0": 0.17003749310970306,
  "structure_sky/ratio/0": 0.24073216319084167,
  "structure_teacher_edge/mean/0": 0.009381170384585857,
  "teacher_gradient/error_mean/0": 0.00724967522546649,
  "teacher_gradient/loss/0": 0.0073857088573277,
  "teacher_gradient/weight/0": 0.005027013830840588,
  "teacher_gradient/weighted_loss/0": 3.712806210387498e-05,
  "teacher_ranking/agreement/0": 0.9826611876487732,
  "teacher_ranking/loss/0": 0.2937474548816681,
  "teacher_ranking/valid_ratio/0": 0.83544921875,
  "teacher_ranking/weight/0": 0.010054027661681175,
  "teacher_ranking/weight_mean/0": 0.9145939350128174,
  "teacher_ranking/weighted_loss/0": 0.0029533449560403824,
  "teacher_structure/diff_mean/0": 0.15800632536411285,
  "teacher_structure/loss/0": 0.15825700759887695,
  "teacher_structure/texture_boost_mean/0": 1.1321624517440796,
  "teacher_structure/total_weighted/0": 0.006166525650769472,
  "teacher_structure/weight/0": 0.015081041492521763,
  "teacher_structure/weighted_loss/0": 0.002386680571362376,
  "texture_ambiguity/mean/0": 0.5286499857902527,
  "texture_ambiguity/photo_margin_mean/0": 0.09116104990243912,
  "texture_ambiguity/ratio/0": 0.4128309488296509,
  "texture_ambiguity/self_similarity_mean/0": 0.7674923539161682,
  "texture_ambiguity/source_gap_mean/0": 0.07283268868923187
}