{
  "da/a1": 0.14637166261672974,
  "da/a2": 0.3770309388637543,
  "da/a3": 0.6253096461296082,
  "de/abs_rel": 0.613014817237854,
  "de/log_rms": 0.7642288208007812,
  "de/rms": 4.044558048248291,
  "de/sq_rel": 1.5651899576187134,
  "epoch": 0,
  "loss": 0.12644022703170776,
  "loss/0": 0.12956151366233826,
  "loss/1": 0.12488666921854019,
  "loss/2": 0.12487250566482544,
  "photo_loss/0": 0.12478084117174149,
  "photo_loss/1": 0.1248820424079895,
  "photo_loss/2": 0.12486632168292999,
  "sky_far/loss/0": 0.14276517927646637,
  "sky_far/lower_ratio_mean/0": 0.22636085748672485,
  "sky_far/separation_mean/0": 2.230135679244995,
  "sky_far/sky_ratio_mean/0": 0.17466214299201965,
  "sky_far/valid_image_ratio/0": 1.0,
  "sky_far/weight/0": 0.004019999876618385,
  "sky_far/weighted_loss/0": 0.0005739160114899278,
  "smooth_loss/0": 0.0008474456844851375,
  "smooth_loss/1": 0.009254432283341885,
  "smooth_loss/2": 0.024741442874073982,
  "smooth_loss_weighted/0": 8.47445733143104e-07,
  "smooth_loss_weighted/1": 4.627216185326688e-06,
  "smooth_loss_weighted/2": 6.185361144162016e-06,
  "step": 200,
  "structure_boundary/mean/0": 0.005037389695644379,
  "structure_boundary/ratio/0": 0.0070515950210392475,
  "structure_boundary/teacher_boost_max/0": 1.75,
  "structure_boundary/teacher_boost_mean/0": 1.0037779808044434,
  "structure_lower_reference/mean/0": 0.22636084258556366,
  "structure_rgb_edge/mean/0": 0.08786360919475555,
  "structure_rgb_edge/ratio/0": 0.0627509206533432,
  "structure_sky/mean/0": 0.17466212809085846,
  "structure_sky/ratio/0": 0.2463209480047226,
  "structure_teacher_edge/mean/0": 0.010422307066619396,
  "teacher_gradient/error_mean/0": 0.007832637056708336,
  "teacher_gradient/loss/0": 0.008060739375650883,
  "teacher_gradient/weight/0": 0.004019999876618385,
  "teacher_gradient/weighted_loss/0": 3.240417208871804e-05,
  "teacher_ranking/agreement/0": 0.9804496765136719,
  "teacher_ranking/loss/0": 0.2873261868953705,
  "teacher_ranking/valid_ratio/0": 0.83251953125,
  "teacher_ranking/weight/0": 0.00803999975323677,
  "teacher_ranking/weight_mean/0": 0.9131860733032227,
  "teacher_ranking/weighted_loss/0": 0.0023101025726646185,
  "teacher_structure/diff_mean/0": 0.15232640504837036,
  "teacher_structure/loss/0": 0.15451063215732574,
  "teacher_structure/texture_boost_mean/0": 1.1298707723617554,
  "teacher_structure/total_weighted/0": 0.004779820796102285,
  "teacher_structure/weight/0": 0.012059999629855156,
  "teacher_structure/weighted_loss/0": 0.0018633981235325336,
  "texture_ambiguity/mean/0": 0.5194827914237976,
  "texture_ambiguity/photo_margin_mean/0": 0.007344922982156277,
  "texture_ambiguity/ratio/0": 0.3730509579181671,
  "texture_ambiguity/self_similarity_mean/0": 0.7725973725318909,
  "texture_ambiguity/source_gap_mean/0": 0.10353262722492218
}