{
  "requested_samples": 100,
  "samples_with_metrics": 100,
  "averaging_rule": "per_image_metric_mean",
  "timing": {
    "model_load_seconds": 2.0449195000000002,
    "evaluation_loop_seconds": 10.4488796,
    "total_run_seconds": 12.5565736,
    "requested_samples_per_second": 9.57040408428096,
    "metric_samples_per_second": 9.57040408428096,
    "mean_sample_wall_seconds": 0.10404780399999998,
    "total_model_forward_seconds": 2.1842875000000097,
    "mean_model_forward_seconds": 0.0218428750000001,
    "model_forward_fps": 45.781519145258834,
    "timing_note": "evaluation_loop includes image/label loading, inference, resizing, and metrics; model_forward includes encoder, decoder, disparity-depth conversion, and output resize."
  },
  "total_valid_pixels": 33044491,
  "mean_valid_fraction": 0.35855567491319446,
  "median_scale_ratio": 19.100016910644328,
  "mean_scale_ratio": 20.195460010835003,
  "mean_raw_metrics": {
    "abs_rel": 0.9366326795202314,
    "sq_rel": 3.377282220838836,
    "rmse": 5.333327102326699,
    "rmse_log": 3.0873460541384317,
    "a1": 0.0,
    "a2": 0.0,
    "a3": 0.0
  },
  "mean_median_scaled_metrics": {
    "abs_rel": 0.5755131426109019,
    "sq_rel": 1.7698445738867639,
    "rmse": 4.170766354130053,
    "rmse_log": 0.7491428920741104,
    "a1": 0.3502963607341282,
    "a2": 0.5551664786193716,
    "a3": 0.6736594801023874
  },
  "created_at": "2026-05-17T03:01:40",
  "split": "val",
  "split_samples": 564,
  "max_samples_arg": 100,
  "model": "lite-mono",
  "weights_folder": "D:\\IBPI\\Image Proc-AI Assisted-SP1\\Lite-Mono\\citrus_project\\milestones\\04_lightweight_vegetation_improvement\\levinson\\runs\\vg_tcv_full_teacher_b12_250steps_seed0_w015_tw035_fw002\\models\\step_250",
  "device": "cuda",
  "model_info": {
    "encoder_parameters": 2848120,
    "depth_decoder_parameters": 226627,
    "total_parameters": 3074747,
    "total_parameters_millions": 3.074747,
    "encoder_trainable_parameters": 2848120,
    "depth_decoder_trainable_parameters": 226627,
    "total_trainable_parameters": 3074747,
    "total_trainable_parameters_millions": 3.074747,
    "encoder_checkpoint": {
      "bytes": 11496563,
      "megabytes": 10.963976860046387
    },
    "depth_decoder_checkpoint": {
      "bytes": 912583,
      "megabytes": 0.8703069686889648
    },
    "total_checkpoint": {
      "bytes": 12409146,
      "megabytes": 11.834283828735352
    },
    "parameter_note": "Counts include the Lite-Mono encoder and depth decoder used for depth inference; they do not include the training-only pose network."
  },
  "feed_width": 640,
  "feed_height": 192,
  "model_min_depth": 0.1,
  "model_max_depth": 100.0,
  "eval_min_depth": 0.001,
  "eval_max_depth": 80.0,
  "dataset_workspace": "D:\\IBPI\\Image Proc-AI Assisted-SP1\\Lite-Mono\\citrus_project\\dataset_workspace",
  "prepared_dataset": "D:\\IBPI\\Image Proc-AI Assisted-SP1\\Lite-Mono\\citrus_project\\dataset_workspace\\prepared_training_dataset"
}
