{
  "requested_samples": 100,
  "samples_with_metrics": 100,
  "averaging_rule": "per_image_metric_mean",
  "timing": {
    "model_load_seconds": 2.0956949,
    "evaluation_loop_seconds": 10.5478542,
    "total_run_seconds": 12.706354200000002,
    "requested_samples_per_second": 9.480601277177305,
    "metric_samples_per_second": 9.480601277177305,
    "mean_sample_wall_seconds": 0.10503245399999996,
    "total_model_forward_seconds": 2.2121523999999955,
    "mean_model_forward_seconds": 0.022121523999999955,
    "model_forward_fps": 45.204842125705355,
    "timing_note": "evaluation_loop includes image/label loading, inference, resizing, and metrics; model_forward includes encoder, decoder, disparity-depth conversion, and output resize."
  },
  "total_valid_pixels": 33044491,
  "mean_valid_fraction": 0.35855567491319446,
  "median_scale_ratio": 13.28130431097373,
  "mean_scale_ratio": 14.578220054384508,
  "mean_raw_metrics": {
    "abs_rel": 0.912881000387551,
    "sq_rel": 3.2846154278693884,
    "rmse": 5.300929875212621,
    "rmse_log": 2.7810035018273216,
    "a1": 0.0,
    "a2": 0.0,
    "a3": 0.0
  },
  "mean_median_scaled_metrics": {
    "abs_rel": 0.5580890060769452,
    "sq_rel": 1.7076138901810922,
    "rmse": 4.177556695870554,
    "rmse_log": 0.7566235737305063,
    "a1": 0.33734606306029485,
    "a2": 0.5503756069556731,
    "a3": 0.6776476722329413
  },
  "created_at": "2026-05-17T02:31:57",
  "split": "val",
  "split_samples": 564,
  "max_samples_arg": 100,
  "model": "lite-mono",
  "weights_folder": "D:\\IBPI\\Image Proc-AI Assisted-SP1\\Lite-Mono\\citrus_project\\milestones\\04_lightweight_vegetation_improvement\\levinson\\runs\\vg_tcv_geo_feature_teacher_b12_250steps_seed0_w015_fw005\\models\\step_250",
  "device": "cuda",
  "model_info": {
    "encoder_parameters": 2848120,
    "depth_decoder_parameters": 226627,
    "total_parameters": 3074747,
    "total_parameters_millions": 3.074747,
    "encoder_trainable_parameters": 2848120,
    "depth_decoder_trainable_parameters": 226627,
    "total_trainable_parameters": 3074747,
    "total_trainable_parameters_millions": 3.074747,
    "encoder_checkpoint": {
      "bytes": 11496563,
      "megabytes": 10.963976860046387
    },
    "depth_decoder_checkpoint": {
      "bytes": 912583,
      "megabytes": 0.8703069686889648
    },
    "total_checkpoint": {
      "bytes": 12409146,
      "megabytes": 11.834283828735352
    },
    "parameter_note": "Counts include the Lite-Mono encoder and depth decoder used for depth inference; they do not include the training-only pose network."
  },
  "feed_width": 640,
  "feed_height": 192,
  "model_min_depth": 0.1,
  "model_max_depth": 100.0,
  "eval_min_depth": 0.001,
  "eval_max_depth": 80.0,
  "dataset_workspace": "D:\\IBPI\\Image Proc-AI Assisted-SP1\\Lite-Mono\\citrus_project\\dataset_workspace",
  "prepared_dataset": "D:\\IBPI\\Image Proc-AI Assisted-SP1\\Lite-Mono\\citrus_project\\dataset_workspace\\prepared_training_dataset"
}
