{
  "requested_samples": 100,
  "samples_with_metrics": 100,
  "averaging_rule": "per_image_metric_mean",
  "timing": {
    "model_load_seconds": 2.2123333,
    "evaluation_loop_seconds": 13.269147700000001,
    "total_run_seconds": 15.546305799999999,
    "requested_samples_per_second": 7.536279063349336,
    "metric_samples_per_second": 7.536279063349336,
    "mean_sample_wall_seconds": 0.13225760599999994,
    "total_model_forward_seconds": 2.683964199999992,
    "mean_model_forward_seconds": 0.02683964199999992,
    "model_forward_fps": 37.258321105773426,
    "timing_note": "evaluation_loop includes image/label loading, inference, resizing, and metrics; model_forward includes encoder, decoder, disparity-depth conversion, and output resize."
  },
  "total_valid_pixels": 33044491,
  "mean_valid_fraction": 0.35855567491319446,
  "median_scale_ratio": 12.471744261671564,
  "mean_scale_ratio": 13.246822477215057,
  "mean_raw_metrics": {
    "abs_rel": 0.9032712915755932,
    "sq_rel": 3.2498008430503096,
    "rmse": 5.288306949838404,
    "rmse_log": 2.6757832098266676,
    "a1": 0.0,
    "a2": 0.0,
    "a3": 0.0
  },
  "mean_median_scaled_metrics": {
    "abs_rel": 0.566564400925063,
    "sq_rel": 1.735316924320749,
    "rmse": 4.165963913251841,
    "rmse_log": 0.7458725448277955,
    "a1": 0.35972461823659785,
    "a2": 0.5581695497039246,
    "a3": 0.6769328178682055
  },
  "created_at": "2026-05-17T00:46:00",
  "split": "val",
  "split_samples": 564,
  "max_samples_arg": 100,
  "model": "lite-mono",
  "weights_folder": "D:\\IBPI\\Image Proc-AI Assisted-SP1\\Lite-Mono\\citrus_project\\milestones\\04_lightweight_vegetation_improvement\\levinson\\runs\\vg_tcv_geo_teacher_b12_250steps_seed0_w015\\models\\step_250",
  "device": "cuda",
  "model_info": {
    "encoder_parameters": 2848120,
    "depth_decoder_parameters": 226627,
    "total_parameters": 3074747,
    "total_parameters_millions": 3.074747,
    "encoder_trainable_parameters": 2848120,
    "depth_decoder_trainable_parameters": 226627,
    "total_trainable_parameters": 3074747,
    "total_trainable_parameters_millions": 3.074747,
    "encoder_checkpoint": {
      "bytes": 11496563,
      "megabytes": 10.963976860046387
    },
    "depth_decoder_checkpoint": {
      "bytes": 912583,
      "megabytes": 0.8703069686889648
    },
    "total_checkpoint": {
      "bytes": 12409146,
      "megabytes": 11.834283828735352
    },
    "parameter_note": "Counts include the Lite-Mono encoder and depth decoder used for depth inference; they do not include the training-only pose network."
  },
  "feed_width": 640,
  "feed_height": 192,
  "model_min_depth": 0.1,
  "model_max_depth": 100.0,
  "eval_min_depth": 0.001,
  "eval_max_depth": 80.0,
  "dataset_workspace": "D:\\IBPI\\Image Proc-AI Assisted-SP1\\Lite-Mono\\citrus_project\\dataset_workspace",
  "prepared_dataset": "D:\\IBPI\\Image Proc-AI Assisted-SP1\\Lite-Mono\\citrus_project\\dataset_workspace\\prepared_training_dataset"
}
