{
  "requested_samples": 100,
  "samples_with_metrics": 100,
  "averaging_rule": "per_image_metric_mean",
  "timing": {
    "model_load_seconds": 2.1122249,
    "evaluation_loop_seconds": 10.4451305,
    "total_run_seconds": 12.623672800000001,
    "requested_samples_per_second": 9.573839216274033,
    "metric_samples_per_second": 9.573839216274033,
    "mean_sample_wall_seconds": 0.10400126399999995,
    "total_model_forward_seconds": 2.082666399999996,
    "mean_model_forward_seconds": 0.02082666399999996,
    "model_forward_fps": 48.0153710647083,
    "timing_note": "evaluation_loop includes image/label loading, inference, resizing, and metrics; model_forward includes encoder, decoder, disparity-depth conversion, and output resize."
  },
  "total_valid_pixels": 33044491,
  "mean_valid_fraction": 0.35855567491319446,
  "median_scale_ratio": 12.250914641488256,
  "mean_scale_ratio": 12.855134152953685,
  "mean_raw_metrics": {
    "abs_rel": 0.9027234046574276,
    "sq_rel": 3.245770310566474,
    "rmse": 5.28450936155645,
    "rmse_log": 2.669862459736955,
    "a1": 0.0,
    "a2": 0.0,
    "a3": 4.664945833788734e-07
  },
  "mean_median_scaled_metrics": {
    "abs_rel": 0.5884376649150229,
    "sq_rel": 1.7909447625466555,
    "rmse": 4.161442083295213,
    "rmse_log": 0.7500591728658154,
    "a1": 0.31069466606002555,
    "a2": 0.5302457214220374,
    "a3": 0.6690646607161301
  },
  "created_at": "2026-05-17T01:33:52",
  "split": "val",
  "split_samples": 564,
  "max_samples_arg": 100,
  "model": "lite-mono",
  "weights_folder": "D:\\IBPI\\Image Proc-AI Assisted-SP1\\Lite-Mono\\citrus_project\\milestones\\04_lightweight_vegetation_improvement\\levinson\\runs\\vg_tcv_geo_visibility_teacher_b12_250steps_seed0_w015_vthr003\\models\\step_250",
  "device": "cuda",
  "model_info": {
    "encoder_parameters": 2848120,
    "depth_decoder_parameters": 226627,
    "total_parameters": 3074747,
    "total_parameters_millions": 3.074747,
    "encoder_trainable_parameters": 2848120,
    "depth_decoder_trainable_parameters": 226627,
    "total_trainable_parameters": 3074747,
    "total_trainable_parameters_millions": 3.074747,
    "encoder_checkpoint": {
      "bytes": 11496563,
      "megabytes": 10.963976860046387
    },
    "depth_decoder_checkpoint": {
      "bytes": 912583,
      "megabytes": 0.8703069686889648
    },
    "total_checkpoint": {
      "bytes": 12409146,
      "megabytes": 11.834283828735352
    },
    "parameter_note": "Counts include the Lite-Mono encoder and depth decoder used for depth inference; they do not include the training-only pose network."
  },
  "feed_width": 640,
  "feed_height": 192,
  "model_min_depth": 0.1,
  "model_max_depth": 100.0,
  "eval_min_depth": 0.001,
  "eval_max_depth": 80.0,
  "dataset_workspace": "D:\\IBPI\\Image Proc-AI Assisted-SP1\\Lite-Mono\\citrus_project\\dataset_workspace",
  "prepared_dataset": "D:\\IBPI\\Image Proc-AI Assisted-SP1\\Lite-Mono\\citrus_project\\dataset_workspace\\prepared_training_dataset"
}
